time (s),displacement (mm),pressure (MPa)
0.0, -0.500225901603699, 0.0
1.0, 0.356976747512817, 0.5
2.0, 0.756426393985748, 1.0
3.0, 1.00527226924896, 1.5
5.0, 1.33596837520599, 2.5